students,teachers,calworks,lunch,computer,expenditure,income,english,reading_scores
195,10.89999962,0.510200024,2.040800095,67,6384.911133,22.69000053,0.0,691.5999756
240,11.14999962,15.41670036,47.91669846,101,5099.380859,9.824000359,4.583333492,660.5
1550,82.90000153,55.03229904,76.32260132,169,5501.95459,8.977999687,30.00000191,636.2999878
243,14.0,36.47539902,77.04920197,85,7101.831055,8.977999687,0.0,651.9000244
1335,71.5,33.10860062,78.42700195,171,5235.987793,9.080332756,13.85767746,641.7999878
137,6.400000095,12.31879997,86.95649719,25,5580.146973,10.41499996,12.40875912,605.7000122
195,10.0,12.90320015,94.623703,28,5253.331055,6.577000141,68.71794891,604.5
888,42.5,18.80629921,100.0,66,4565.746094,8.173999786,46.95946121,605.5
379,19.0,32.18999863,93.13980103,35,5355.54834,7.385000229,30.07915688,608.9000244
446,21.0,18.60989952,85.87439728,86,4547.692383,8.930999756,52.91479874,612.7999878
987,47.0,71.71309662,98.60559845,56,5447.345215,7.385000229,54.60993195,616.5999756
103,5.0,22.42989922,98.13079834,25,6567.149414,5.335000038,42.71844482,612.7999878
487,24.34000015,24.6093998,77.14839935,0,4818.612793,8.279000282,20.53388023,610.0
649,36.0,14.63790035,76.27120209,31,5621.456055,9.630000114,80.1232605,611.9000244
852,42.06999969,24.21419907,94.29570007,80,6026.359863,7.453999996,49.41314316,614.7999878
491,28.92000008,11.20160007,97.75969696,100,6723.237793,6.21600008,85.53971863,611.7000122
421,25.5,8.551099777,77.90969849,50,5589.885254,7.763999939,58.90736389,614.9000244
6880,303.0299988,21.28240013,94.97119904,960,5064.615723,7.021999836,77.0058136,619.0999756
2688,135.0,23.4375,93.22920227,139,5433.593262,5.698999882,49.81398773,621.2999878
440,24.0,34.77270126,100.0,69,5725.563477,7.940999985,40.68181992,615.5999756
475,21.0,21.64949989,91.54640198,53,4542.10498,9.630000114,16.21052551,619.9000244
2538,130.5,18.91110039,70.8167038,169,5107.086426,7.40500021,45.07486343,622.9000244
476,19.0,43.85589981,100.0,0,4659.661621,9.630000114,39.07563019,620.7000122
2357,114.0,16.8010006,90.623703,216,4555.464355,8.019000053,76.66525269,619.5
1588,85.0,22.40719986,85.14720154,198,5415.152832,8.522999763,40.49118423,625.0
2601,135.0,15.07110023,92.19529724,269,5223.912109,7.304999828,70.01153564,616.5
847,44.0,16.2928009,90.20069885,67,5139.164551,8.934000015,55.96221542,620.0999756
452,22.0,14.49890041,81.02349854,55,4614.251953,8.553999901,11.06194687,627.9000244
4142,201.0,35.5625,81.50650024,569,5342.233398,6.612999916,80.42008972,620.4000244
2102,99.75,15.31989956,90.28489685,224,5347.458496,12.4090004,63.13035583,623.0
10012,464.8999939,29.76390076,91.59339905,721,5036.458984,8.126615524,65.12185669,620.7999878
2488,125.0,12.69200039,55.0929985,202,5117.141602,11.43099976,53.41640091,626.0999756
25151,1186.699951,17.44260025,80.19560242,1713,5117.039551,11.72222519,49.82307053,625.4000244
2267,103.6800003,19.15169907,84.43379974,177,5272.191895,11.33250046,35.46537018,625.4000244
1657,90.40000153,28.84729958,84.73139954,204,5225.719238,9.597999573,56.12552643,623.5999756
284,17.5,14.52700043,94.93240356,18,6516.533203,14.55799961,32.39436722,628.9000244
5370,280.0,19.57169914,81.11730194,562,4559.176758,22.05999947,65.51210022,624.4000244
2471,121.8600006,23.79599953,87.77819824,275,5119.158203,9.708999634,53.05544281,627.5
15386,669.3599854,12.50640011,71.43309784,1762,5338.185547,11.48294449,49.64253235,627.7999878
184,9.0,22.2826004,85.86959839,40,5090.044922,8.17800045,45.10869598,621.5999756
1217,61.40000153,33.90800095,88.09519958,78,5485.496094,8.173999786,30.32045937,629.4000244
6219,268.0,21.49860001,100.0,571,4793.370117,7.5,52.24312592,621.0999756
1235,53.0,8.218299866,62.13019943,175,4359.520996,7.331999779,30.28339958,630.2000122
16244,766.6500244,17.4531002,69.73989868,1423,5645.495605,12.5815773,49.8645668,629.5
814,39.0,19.77890015,67.44470215,85,4518.016113,15.17700005,13.75921345,631.9000244
27176,1429.0,39.21839905,84.29499817,3324,5864.366211,12.109128,28.86370468,631.5999756
10696,487.9700012,22.15780067,70.89569855,1306,5257.996582,11.78499985,52.80478668,628.5
8935,444.5,36.94509888,79.51200104,786,5016.692383,14.06200027,44.08506012,628.4000244
1600,74.5,27.26140022,79.72550201,242,4720.086426,10.47200012,35.25,635.7000122
10625,521.4699707,7.497499943,77.52559662,896,5615.441895,12.30179977,50.39059067,629.5999756
7151,318.5799866,18.54809952,61.73820114,560,5245.439941,15.40407085,31.07257843,634.2000122
2404,105.0,20.92740059,52.94350052,202,4838.175293,13.76200008,18.26123238,633.5
5804,283.1499939,28.34250069,81.11650085,480,5367.988281,14.18400002,34.70020676,631.4000244
2807,126.1200027,15.45950031,52.39640045,152,4353.019531,12.99699974,33.48770905,637.2999878
3074,142.5500031,11.28979969,66.19490051,249,5034.290039,11.59200001,38.15875244,633.2000122
723,37.11999893,25.92110062,83.15789795,45,4692.493652,8.279000282,36.92946243,629.2000122
3017,138.5,14.97679996,56.06359863,496,4675.674805,11.08100033,17.00364685,634.4000244
957,50.0,27.16819954,82.13169861,149,5306.132813,9.081999779,17.65935326,634.7000122
1639,90.5,46.88819885,80.60420227,287,5693.883301,13.39000034,7.321537495,638.4000244
4340,209.8399963,17.70260048,93.92269897,284,5181.57959,14.60162544,31.19815636,631.9000244
5079,224.5,25.55929947,63.80360031,585,5228.650879,11.11600018,16.61744499,637.7000122
237,11.0,19.83119965,76.79319763,13,4845.680176,7.304999828,5.485232353,631.7999878
2987,141.2100067,21.25880051,68.39640045,273,4826.666016,13.7305994,14.4291935,637.7000122
499,30.0,40.36700058,83.11930084,94,5367.090332,11.11600018,22.84569168,635.5
11474,542.6500244,40.55260086,77.0089035,1248,5742.73291,10.36442852,38.78333664,633.2000122
1088,55.0,14.15439987,86.02940369,107,4136.250977,6.982999802,64.24632263,631.0999756
2660,140.1199951,15.76010036,74.85099792,259,5267.831055,14.46780014,25.22556496,637.7999878
353,19.97999954,8.672100067,33.06230164,8,5238.39209,14.65299988,5.382436275,636.5999756
329,18.53000069,28.91570091,85.54219818,37,5462.899414,10.62899971,6.079027653,644.2999878
252,16.5,23.45680046,66.25509644,32,6313.373535,9.781000137,0.0,640.9000244
175,12.5,21.76469994,68.82350159,31,6653.030762,10.65600014,0.0,634.5999756
3835,186.1999969,13.99110031,72.8628006,897,5533.149414,11.93799973,34.88917923,633.0
314,19.25,29.93630028,93.63059998,8,6118.710449,7.385000229,13.05732441,636.7000122
4458,211.0,22.22220039,72.32080078,445,5098.626953,10.67599964,36.0251236,633.2000122
1313,75.08000183,32.08679962,73.59760284,112,5652.878906,9.972000122,34.65346527,633.9000244
474,26.5,21.5189991,75.73840332,36,5329.002441,8.258000374,28.69198227,634.7000122
1114,57.70000076,29.44680023,62.21279907,277,5929.809082,8.895999908,1.795332193,645.4000244
11629,546.2999878,25.37940025,83.873703,1015,5100.202148,9.428894997,59.0334549,632.4000244
6195,306.75,21.04330063,68.57189941,1261,4825.722656,8.920332909,13.55932236,636.2000122
499,20.0,23.69939995,80.92489624,35,4079.12915,10.09799957,5.010019779,636.0999756
417,23.0,19.90410042,46.04320145,27,5349.367676,11.82999992,0.959232628,638.0
300,15.0,48.3443985,72.18540192,55,5869.38916,11.55300045,0.666666687,640.9000244
457,24.39999962,16.81609917,67.71299744,50,6462.12793,19.70700073,38.51203537,644.9000244
146,8.0,25.34250069,54.10960007,34,6231.601563,7.105000019,0.0,646.0999756
460,24.21999931,10.59319973,66.94920349,71,4993.867676,13.72500038,17.17391396,633.2000122
354,17.79999924,10.27779961,59.72219849,28,4663.811035,10.09799957,9.887005806,636.7000122
1841,95.0,25.25799942,64.74739838,315,6107.106445,13.76200008,19.39163589,640.4000244
3760,183.75,26.90159988,65.7960968,717,5324.228027,9.664999962,36.48936081,636.2000122
500,22.43000031,18.79999924,83.0,70,5221.460938,10.26399994,39.39999771,630.4000244
5112,246.8999939,10.69120026,59.7234993,383,5157.784668,11.56920052,28.67762184,638.5999756
146,7.659999847,13.69859982,66.43840027,28,5131.119141,7.40500021,13.69863033,637.5
2141,105.8199997,26.49650002,65.38279724,134,5279.354004,12.07699966,11.34983635,636.9000244
610,30.97999954,8.524600029,56.06560135,144,4704.043945,11.28299999,3.442623138,640.2999878
337,16.54999924,21.26250076,60.13290024,26,6089.910645,10.03499985,15.43026733,642.7000122
4501,227.8500061,19.12969971,63.9054985,597,5356.833496,8.383999825,17.97378349,639.9000244
5718,295.0499878,6.84070015,37.04560089,313,5144.549316,13.63000011,22.71773338,641.4000244
19402,846.3800049,20.52370071,51.24209976,1182,4906.22998,14.12766743,18.43624496,641.7000122
3401,175.5500031,52.21989822,74.27230072,560,5489.588867,11.26612473,16.17171478,641.5
2621,136.8300018,25.82979965,64.09770203,397,5718.55127,13.39000034,2.02212882,641.4000244
426,20.0,3.990600109,64.78869629,87,4436.152832,11.93799973,9.62441349,634.2999878
205,11.19999981,18.53660011,80.9756012,24,4895.439453,8.258000374,41.46341324,643.5
13668,648.4099731,28.1753006,56.29940033,1321,5159.21875,14.22672749,9.8990345,640.4000244
342,18.20000076,11.39599991,68.09120178,98,5490.654785,10.47200012,16.08187103,637.7000122
239,12.19999981,15.61180019,69.62030029,30,4441.672852,14.06599998,8.786610603,644.9000244
2911,139.4700012,11.92850018,52.9734993,281,5220.370117,15.96800041,39.02438736,640.4000244
6272,297.0400085,28.71999931,71.76239777,1338,5252.810547,10.26399994,53.89030457,639.2999878
1735,87.13999939,47.2621994,75.50430298,222,5609.487793,10.52299976,1.383285284,640.7999878
474,26.61000061,20.67510033,82.06749725,96,4945.031738,11.23799992,35.44303894,638.9000244
544,30.0,20.55050087,74.86239624,145,5223.025391,10.05599976,8.639705658,641.7999878
1987,103.3700027,15.28120041,54.65409851,283,4757.025391,11.18299961,15.34977436,637.0
418,22.39999962,10.69649982,63.43280029,50,5522.161621,7.385000229,19.85645866,640.2000122
196,10.0,19.68910027,47.15029907,40,6087.608887,13.57900047,3.061224461,652.5999756
2208,114.5,14.41399956,53.21060181,92,4960.515625,9.630000114,9.873188019,642.0
1255,55.0,11.32219982,44.25970078,165,4880.040527,15.27400017,16.09561729,642.5999756
7114,332.8399963,34.59420013,82.57219696,680,4925.659668,10.23966694,45.03795242,638.9000244
1962,98.0,24.4151001,67.75180054,170,5204.6875,9.484999657,18.19571877,641.7000122
7761,361.0,6.49119997,44.47660065,658,4907.410645,15.0298748,15.48769474,644.2000122
216,14.0,9.416999817,48.87889862,47,5923.45166,9.781000137,0.92592591,652.7000122
224,10.0,7.14289999,58.03570175,31,4741.957031,13.19200039,7.589285851,633.5999756
7887,391.8599854,16.40239906,57.07220078,1004,4954.019531,12.2159996,29.08583832,645.7000122
752,39.5,11.71049976,34.07889938,0,5500.10791,14.07600021,0.132978722,652.2999878
9328,537.8800049,7.487500191,39.03680038,1719,5360.51709,25.4873333,50.85763168,644.5
548,32.20000076,7.664199829,31.38689995,35,5685.63916,14.86699963,11.49635029,652.0999756
104,5.0,32.38100052,49.5237999,19,5594.196289,9.972000122,13.46153927,649.5
275,13.0,12.72729969,45.81819916,4,4692.566895,14.57800007,4.727272511,643.2000122
443,24.0,14.22119999,69.97740173,52,5085.40625,7.385000229,21.44469452,644.2999878
806,41.52999878,7.178800106,56.67509842,36,5105.179688,12.43133259,30.14888382,645.2999878
227,11.60000038,18.06170082,59.03079987,25,5519.677246,14.90600014,15.85902977,649.7000122
8416,391.4200134,12.39900017,71.91210175,1333,5065.911133,12.66989994,43.75,642.9000244
149,8.5,19.46310043,59.0603981,30,5182.428223,10.33300018,0.0,656.7999878
220,13.39000034,19.1303997,52.1739006,48,5960.464355,11.97200012,0.0,658.0
4612,232.9700012,17.47610092,65.91500092,601,5124.836426,12.82699966,16.65221214,647.7000122
590,34.33000183,37.4367981,70.65769958,71,5655.133301,10.03999996,3.22033906,644.7999878
133,7.550000191,25.0,72.14289856,25,5811.689941,13.33500004,0.0,644.2999878
2440,121.2399979,7.275899887,47.0298996,116,5467.673828,9.854000092,48.52458954,645.5
133,6.0,11.19400024,35.82089996,0,5213.089355,11.42599964,0.751879692,652.5
519,26.0,16.76300049,37.95759964,65,4613.1875,15.13099957,1.92678237,650.9000244
222,11.65999985,7.589300156,40.625,30,4886.983887,14.57800007,13.51351261,643.0
285,18.71999931,26.64229965,76.27739716,36,6455.136719,10.26799965,0.0,641.5999756
3129,147.9799957,26.16760063,55.7901001,471,5125.433105,15.59285736,16.71460533,647.7999878
2019,102.7799988,10.25259972,40.5646019,167,5193.692383,11.23799992,5.943536282,649.0999756
5620,267.0,10.30949974,55.09389877,316,5002.838867,15.05137539,36.17437744,644.0
9775,484.5,13.04300022,62.50389862,1218,5337.625488,15.41317654,44.97186661,645.5999756
246,11.5,9.756099701,43.90240097,38,5161.202148,11.08100033,16.66666794,647.7999878
7210,360.3500061,26.62680054,68.85790253,800,5158.791992,10.09799957,15.18723965,642.5
477,27.0,25.36689949,59.53879929,27,5782.543945,11.80300045,0.0,650.7999878
727,39.90000153,10.17879963,32.18709946,50,4842.60791,9.972000122,13.06739998,649.4000244
374,18.45000076,6.684500217,7.486599922,46,4219.40625,15.4090004,4.278074741,651.5999756
18255,903.7600098,11.22169971,58.53310013,2001,5081.169922,15.2937994,39.5946312,645.0
8787,410.9100037,10.02270031,32.48300171,1058,5144.993652,15.53292847,21.66837311,648.0
797,38.0,7.026299953,35.75910187,60,4674.298828,16.29299927,3.262233257,648.7999878
140,7.0,3.571399927,39.28570175,40,4830.326172,12.875,7.857142925,651.5999756
235,13.69999981,6.808499813,67.23400116,51,5621.687988,16.62299919,39.57446671,643.4000244
3981,210.0,41.77339935,51.77090073,606,5358.51709,12.74914265,8.842000008,649.7999878
2326,117.8000031,17.97509956,52.25230026,345,5149.186523,11.42599964,6.405846596,651.2999878
501,30.5,20.63489914,54.76190186,163,5373.206543,8.829999924,2.395209789,652.5999756
470,28.27000046,31.33049965,89.69960022,48,6485.166016,11.17599964,5.957447052,655.0999756
3519,175.3000031,5.54129982,29.78120041,789,5105.734375,15.02700043,15.45893669,655.4000244
474,26.34000015,21.9958992,54.9897995,61,5634.730957,10.52099991,0.0,653.5999756
223,11.5,1.754400015,17.54389954,60,4980.294434,18.62599945,0.0,651.7999878
92,5.599999905,13.54170036,0.0,22,6113.859863,22.52899933,0.0,656.0999756
2617,107.1949997,8.368200302,32.36970139,226,4547.944824,11.88574982,12.80091667,651.7000122
242,13.25,28.0991993,51.6529007,32,5011.840332,9.925999641,0.0,654.4000244
780,41.15000153,16.5394001,50.76340103,75,5261.370605,14.19699955,3.846153975,662.0
324,15.39999962,13.0031004,58.20429993,50,4276.115234,9.630000114,2.469135761,647.0
140,6.75,7.85710001,45.71429825,25,4566.27002,10.63899994,10.71428585,654.2000122
181,10.0,25.4144001,66.85079956,26,6049.495117,14.47500038,0.0,651.9000244
516,26.0,9.259300232,24.81480026,65,4974.28125,13.46700001,1.937984467,656.2999878
108,5.0,3.669699907,32.11009979,25,4432.478027,9.664999962,4.629629612,648.2000122
419,18.67000008,13.95349979,50.0,58,4924.619141,12.70800018,5.250596523,656.4000244
12567,546.0499878,7.623099804,40.3995018,1099,4603.659668,17.82299995,27.54038239,651.5999756
6201,339.1000061,7.179599762,47.70249939,634,5215.943848,19.58963585,47.87937546,650.9000244
577,29.95000076,20.33609962,46.05039978,134,4882.236816,14.19699955,0.0,657.2000122
170,7.5,10.58819962,32.35290146,41,4145.835938,11.9119997,1.764706016,660.2999878
164,8.5,33.53659821,65.85369873,36,7542.038086,13.38599968,0.0,655.2000122
382,22.0,29.23830032,59.21379852,75,5247.018066,11.5539999,0.0,653.0999756
1221,61.59999847,4.34070015,25.3071003,250,5169.814941,19.02599907,7.289107323,656.7999878
2214,108.3499985,12.8725996,36.44990158,213,5951.005859,16.40699959,17.02800369,656.0999756
4523,215.0,5.751900196,29.19869995,409,4746.572266,14.05799961,10.43555164,653.7000122
793,39.79999924,4.413599968,30.76919937,49,4944.092285,19.06800079,2.269861221,652.4000244
1678,88.26999664,5.482699871,38.20019913,254,6306.487305,20.77000046,28.24791336,655.5999756
536,22.5,5.597000122,28.17160034,35,4260.306641,10.26399994,8.768656731,653.4000244
307,15.85000038,5.537499905,28.66449928,36,4718.163086,14.57800007,7.491856575,654.0999756
347,17.5,18.44379997,53.60229874,56,4751.299805,10.20199966,9.798271179,655.5
168,11.01000023,29.16670036,63.69049835,30,5653.453613,12.50199986,12.5,655.9000244
532,31.0,10.50660038,29.64349937,81,5920.253418,13.90600014,0.0,656.5999756
3272,150.0,24.02199936,76.77259827,374,4825.59082,9.986000061,31.20415497,651.4000244
2045,107.2099991,12.12709999,40.92910004,268,5532.582031,13.71199989,1.369193196,657.7999878
156,6.050000191,10.42940044,47.85279846,7,3926.06958,10.09799957,9.615385056,659.7999878
1129,61.99000168,34.1894989,62.26750183,164,5805.636719,11.29100037,0.0,655.0999756
3669,201.9700012,11.35890007,41.05459976,500,4899.239746,13.22500038,24.25728989,652.7000122
157,9.25,1.898699999,10.12660027,19,4884.862305,13.63000011,9.554140091,654.2000122
4928,229.1999969,8.541999817,25.88850021,618,5139.9375,14.62300014,5.92532444,653.5
103,5.0,5.825200081,23.3010006,13,5249.364746,8.776000023,0.970873773,662.2000122
175,10.30000019,14.85709953,70.28569794,17,5399.070313,10.3380003,18.2857132,650.0
4153,199.8600006,7.526899815,23.4409008,241,4965.290039,16.32299995,4.984348774,657.4000244
865,43.5,3.084199905,12.57409954,96,4797.503418,14.57800007,3.352601051,660.7999878
8735,408.2000122,7.496600151,21.34339905,1120,5397.161621,18.63059998,32.70749664,655.4000244
412,20.10000038,8.73789978,60.92229843,72,5078.5,11.11600018,9.46601963,653.0
6373,329.1199951,12.67850018,36.88999939,624,4733.746582,14.59766674,6.260787487,657.5999756
332,18.79999924,9.036100388,34.03609848,73,4963.060059,15.49300003,13.25301266,653.2000122
2903,138.1199951,11.12639999,34.44710159,192,5431.177246,16.27199936,3.169135332,662.0
565,29.64999962,6.725699902,36.6371994,60,5382.088867,13.63000011,16.9911499,651.5999756
586,26.0,7.508500099,37.88399887,78,5724.441895,12.39400005,0.853242338,662.0
5068,240.1000061,7.063899994,34.2344017,626,4843.427246,15.33100033,6.649565697,655.9000244
859,42.84000015,16.4144001,40.1629982,118,5730.349121,12.66600037,0.116414435,654.0999756
145,10.21000004,8.275899887,20.0,20,5635.786133,13.71199989,0.0,657.7999878
649,35.125,3.852099895,19.5685997,155,5671.657227,17.78033447,6.933744431,658.7000122
1789,96.0,2.962500095,56.00889969,435,7070.633301,10.55666733,9.558412552,655.4000244
775,37.0,24.90320015,61.41939926,50,5097.343262,10.52299976,0.90322578,661.5
777,36.84999847,12.98869991,39.84870148,148,5482.677246,13.24300003,1.158301115,663.4000244
3518,188.1999969,9.770799637,49.42689896,419,5642.832031,22.47299957,40.10801697,656.7000122
19294,924.5700073,18.93190002,50.97079849,2401,5280.023438,15.68465424,16.66321182,657.5999756
7661,386.4200134,7.805799961,32.13679886,1158,5433.339844,23.48374939,21.95535851,657.2999878
158,8.0,6.329100132,25.31649971,34,4529.283691,11.64900017,8.860759735,661.0
117,6.0,8.403400421,36.1344986,42,6039.98584,16.3560009,0.854700923,664.9000244
160,8.699999809,16.09199905,36.78160095,37,6168.229492,14.07400036,0.0,672.7999878
511,27.20000076,27.48539925,51.85189819,30,5774.970215,13.43700027,3.913894176,664.2000122
2770,140.1100006,3.610100031,25.55960083,296,4806.761719,18.33799934,11.94945908,659.7000122
551,28.5,15.2343998,51.5625,46,4840.936035,11.42599964,3.992740393,660.2000122
6437,278.8399963,2.516700029,17.1508007,622,4023.531738,15.77900028,2.485630035,658.5
1712,81.27999878,5.373799801,32.65190125,122,5179.411133,14.06200027,9.871495247,657.0
370,19.79999924,6.504099846,36.31439972,56,4385.229492,12.17399979,0.540540576,664.0
3182,153.1999969,3.530499935,26.94330025,328,4777.512695,12.89999962,8.95663166,654.7000122
11855,588.8400269,9.015800476,32.76549911,1507,5486.029785,17.43519974,20.72543144,654.9000244
1068,51.66999817,12.82769966,36.79779816,129,5486.382324,14.76000023,0.187265918,662.0999756
2295,103.0,4.039500237,31.3708992,224,4631.243652,14.60299969,13.98692894,658.2999878
1510,73.30000305,10.25979996,37.10860062,141,5189.62793,13.52233315,8.741721153,662.7999878
579,27.79999924,1.5,31.5,60,4600.606445,16.66900063,20.03454208,660.0
1012,52.63999939,10.4847002,33.63010025,140,6735.775391,13.52225018,1.383399248,660.7999878
1212,68.65000153,18.29719925,47.12469864,107,5475.172852,12.51799965,2.062706232,660.4000244
590,35.76250076,7.796599865,30.6779995,78,7203.246582,11.4659996,0.169491529,673.0999756
546,27.60000038,13.91940022,54.76190186,60,4777.769043,10.09799957,13.73626423,659.7999878
248,11.11999989,7.46269989,21.26869965,51,4302.834961,15.36499977,0.0,667.7999878
461,26.0,14.4708004,48.81209946,150,5630.194824,10.3113327,0.21691975,666.9000244
6312,308.6799927,9.837900162,22.69300079,496,4708.625,16.98662567,3.121039391,662.0999756
285,13.98999977,7.241399765,66.20690155,62,5629.961426,9.612000465,47.36842346,661.0999756
2325,115.3000031,2.881700039,15.6559,302,4890.986816,21.11050034,22.70967865,662.0
11885,549.8400269,10.19769955,30.44169998,1790,4929.393066,16.47331238,29.12074089,659.0999756
564,27.43000031,6.89659977,21.37929916,46,4905.221191,18.36899948,4.43262434,672.4000244
12380,620.3800049,12.29520035,31.01889992,1671,5156.856934,16.65411186,4.814216614,660.0999756
3772,178.0599976,3.371999979,18.38780022,529,4941.787598,18.54422188,5.249204636,665.4000244
895,47.58000183,17.55319977,42.44680023,70,5408.781738,14.18000031,1.899441361,662.7000122
5714,277.6700134,10.53429985,30.06909943,489,4981.387695,18.02955437,8.66293335,664.2999878
105,5.730000019,0.0,0.0,16,4877.086426,13.58600044,10.47619057,662.5
1449,76.98999786,16.5279007,42.60089874,125,5111.739258,12.64000034,1.242236018,660.4000244
510,24.5,20.39220047,45.88240051,95,5201.515625,11.10299969,0.0,663.0999756
160,8.0,11.25,56.875,39,4138.305664,7.5,9.375,651.4000244
433,22.0,9.336099625,25.10370064,50,5743.597168,15.50599957,1.385681391,665.4000244
3186,164.3099976,5.45389986,44.39070129,411,5702.705078,22.84140015,35.34212112,663.5
717,35.95000076,8.888899803,24.72220039,100,5442.143066,16.34700012,2.231520176,669.4000244
3548,170.6499939,3.25999999,14.8508997,335,4522.375488,16.29299927,0.36640361,658.2999878
868,45.20000076,16.58989906,29.83869934,78,4965.808105,13.24800014,0.57603687,662.4000244
507,26.64999962,13.20390034,37.08739853,60,5358.326172,14.01000023,0.0,667.0999756
822,46.65000153,8.073800087,25.60549927,105,5784.625,14.16300011,0.851581514,668.2999878
1202,62.29999924,12.07689953,35.84619904,190,5556.041016,14.48333263,0.0,664.2999878
1354,66.56999969,12.0383997,36.48450089,263,5211.485352,15.16699982,2.437223196,666.4000244
823,46.0,13.85179996,55.28549957,127,5331.920898,10.55099964,2.187120438,657.7000122
309,15.5,4.207099915,32.68610001,85,4700.432129,16.27199936,1.941747546,671.2999878
966,47.95999908,20.95809937,47.30540085,114,5318.240723,11.83399963,0.621118009,674.0
7710,327.2999878,4.472199917,15.92990017,814,4709.054199,18.6201992,3.255512238,663.4000244
762,35.5,10.8107996,30.37319946,54,5143.19043,12.43099976,0.0,663.0999756
1708,89.0,8.489500046,29.03980064,206,5133.009766,15.16699982,2.224824429,665.5
9850,489.2999878,3.335000038,30.64369965,1113,5081.455566,20.87574959,18.55837631,663.7000122
129,5.0,9.302300453,50.38759995,10,4016.41626,10.63899994,6.201550484,667.5999756
10619,565.5100098,2.538399935,28.37660027,1150,5374.050293,25.02961922,18.45748138,665.9000244
580,29.44000053,11.89659977,30.17239952,114,5179.644531,15.29699993,3.965517044,656.2000122
6022,286.7999878,6.394999981,36.0007019,756,5726.146484,22.09600067,27.66522789,663.9000244
670,33.5,0.416099995,13.8696003,47,5003.870117,22.84199905,12.53731441,670.2999878
14708,700.9400024,13.53009987,45.72340012,1962,4969.51123,18.31987572,12.68017483,664.5
6601,305.0,1.196799994,15.08860016,706,4747.295898,25.03000069,6.908044338,668.0
675,33.70000076,0.0,31.8519001,87,4543.305176,21.95700073,14.96296215,668.7000122
2458,124.0699997,6.018700123,24.60350037,193,5229.591309,18.79683304,11.26932526,666.9000244
144,8.0,4.166699886,44.44440079,14,4507.353027,10.63899994,9.722222328,671.9000244
573,29.60000038,6.993000031,15.20979977,48,5302.62793,17.50799942,3.315881252,671.0
721,35.72999954,1.849400043,18.49410057,82,5545.610352,18.59300041,0.693481266,668.7999878
992,46.97000122,3.729799986,22.88310051,160,4615.908691,11.11600018,5.141129017,671.2000122
8432,360.5,6.392300129,22.98390007,0,5397.689453,14.09766674,4.969165325,663.7000122
244,11.0,15.57380009,40.16389847,15,5118.373047,12.64000034,6.967213154,672.0999756
7116,356.8200073,2.598999977,13.27620029,785,5008.070801,20.93642807,7.99606514,667.5
830,46.65999985,10.41189957,32.6086998,95,4906.030273,14.18000031,0.481927723,662.0999756
2272,108.75,4.049300194,16.06509972,307,5182.365723,17.33200073,1.32042253,667.7000122
1425,71.83000183,5.092599869,19.8302002,65,4999.46875,17.50799942,4.91228056,669.7999878
1349,65.21250153,2.001499891,8.673100471,259,4612.989746,15.56725025,0.222386956,667.0
400,22.0,13.80090046,29.86429977,65,5478.845703,15.75199986,0.0,669.2000122
4632,245.1799927,7.037000179,23.6420002,637,5666.713867,20.46999931,17.85405922,669.4000244
224,9.0,5.35710001,35.26789856,15,4742.51416,9.708999634,4.464285851,660.5
576,31.0,3.993099928,28.125,92,4907.392578,11.11600018,9.548611641,665.7999878
451,25.0,8.647500038,11.7517004,75,5700.402344,16.32099915,3.991130829,672.7000122
118,5.5,8.333299637,51.66669846,10,4451.256836,8.934000015,7.627118587,668.5
1457,73.12999725,5.982299805,42.9640007,0,5627.527832,19.99699974,27.45367241,666.2000122
3303,146.5,4.662399769,16.95429993,379,4969.380859,18.1186657,5.025733948,666.0999756
424,23.29999924,3.537699938,15.3302002,39,6716.692871,22.13899994,0.235849053,680.9000244
2801,139.3000031,5.033899784,23.09889984,615,5205.941895,20.54599953,2.070688963,673.2999878
187,9.760000229,17.55319977,44.68090057,37,4357.826172,9.484999657,8.556149483,664.5999756
129,6.599999905,13.95349979,27.1317997,17,5195.918945,11.83399963,0.0,670.0999756
1212,65.90000153,22.19470024,46.12210083,116,5090.587891,10.55099964,3.960396051,669.2000122
2596,135.3500061,3.004600048,19.53000069,249,5112.390137,15.51900005,1.579352856,669.2000122
4925,253.8959961,3.821099997,12.17479992,753,5287.35498,21.63172722,3.593908548,672.7999878
6257,288.6300049,2.163500071,15.51280022,930,4889.47998,21.09575081,8.726226807,671.2000122
868,45.0,4.723499775,19.00919914,122,5118.130371,15.16699982,0.0,674.5999756
3787,186.1000061,3.247999907,8.34430027,934,5119.123047,19.11700058,0.264061272,674.9000244
6423,306.3800049,2.929899931,14.26599979,855,4792.211426,17.62000084,1.447921515,671.4000244
678,34.84000015,2.507400036,15.92920017,47,5450.103516,15.16699982,0.147492617,677.5999756
162,8.399999619,16.95910072,33.91809845,23,5210.724609,10.64299965,0.0,679.7999878
1862,89.08999634,2.829699993,21.08919907,231,4632.068359,21.56599998,0.268528461,673.0999756
1452,70.5,2.426000118,10.41419983,183,5028.561523,17.65600014,0.0,679.5999756
2536,127.1100006,2.032799959,2.032799959,343,4504.294922,27.81599998,2.444794893,676.0999756
567,30.07999992,4.895100117,29.02099991,103,5156.437012,18.59300041,0.0,673.9000244
953,52.59999847,7.98759985,33.9211998,135,5433.51416,14.26299953,0.0,668.0999756
296,15.43000031,5.592100143,25.98679924,42,5254.631836,22.75799942,5.405405521,674.5999756
198,9.0,2.450999975,12.74510002,24,4593.196777,12.64000034,0.0,672.7000122
218,10.10000038,2.242199898,25.1121006,49,4320.678711,11.23799992,6.422018051,669.4000244
2528,138.3099976,1.342100024,2.445600033,482,5729.904297,25.62199974,3.678797483,675.0
2987,154.1699982,2.042200089,11.18179989,290,4825.202148,18.72599983,0.502176106,676.0999756
208,11.0,9.389699936,32.86380005,21,5388.17041,13.44299984,0.0,680.5
379,23.10000038,2.902400017,22.16360092,29,5133.827148,15.18000031,22.69129372,670.5
145,9.300000191,6.20690012,0.0,27,5346.15625,19.11700058,0.0,670.5
706,37.74000168,2.593699932,23.05480003,103,4789.309082,13.71199989,0.141643062,676.0
878,47.90000153,1.375,15.75,105,5329.782227,17.50799942,2.733485222,681.0
594,33.18000031,12.26889992,25.37820053,75,5371.172852,11.83399963,1.68350172,683.0
139,7.349999905,20.86330032,66.90650177,40,5771.383789,13.27299976,0.0,680.0999756
2089,102.7799988,2.51850009,14.0369997,318,4993.634766,16.3560009,0.143609375,673.7999878
326,16.28000069,4.294499874,11.04290009,42,4854.038086,18.62599945,0.0,673.2999878
516,21.5,0.968999982,27.71319962,50,4392.679688,23.7329998,11.04651165,680.5
449,25.5,12.72729969,48.48479843,50,5884.432129,12.93400002,0.0,672.7999878
297,15.35000038,2.356899977,4.040400028,70,4273.993164,13.90600014,0.0,679.0
1579,80.23999786,5.555600166,21.78030014,165,5146.78418,15.42800045,0.063331224,678.5
383,20.45000076,6.005199909,10.18280029,49,5351.522949,15.38099957,0.0,682.9000244
81,5.099999905,3.614500046,0.0,14,7667.571777,22.52899933,0.0,685.2999878
1960,108.9599991,1.941699982,3.730200052,223,5368.50293,24.60300064,1.479591846,684.0999756
946,49.16999817,2.17840004,6.535299778,310,5387.458984,33.45500183,1.47991538,683.0999756
919,46.88999939,1.049299955,0.0,141,4829.896484,20.13400078,0.326441795,680.2000122
738,39.70199966,0.0,0.67750001,220,5390.118164,36.17399979,0.54200542,684.2000122
125,7.079999924,4.0,14.39999962,25,4645.413086,14.17700005,0.0,688.5
1091,62.06000137,0.53670001,0.53670001,113,6489.928711,41.0929985,1.37488544,689.7999878
600,32.0,2.694099903,29.31850052,55,4841.958496,16.06399918,5.333333492,680.0
1803,99.59999847,1.924200058,3.621999979,283,6315.3125,25.73699951,2.773155928,685.5999756
2392,127.2200012,1.421399951,6.270899773,439,5429.473633,35.81000137,17.72575188,682.4000244
526,28.02000046,3.992399931,11.40680027,33,5644.286133,13.56700039,0.0,684.5
3280,158.3999939,2.752300024,7.859300137,406,4819.903809,25.23971558,6.067073345,682.2000122
948,53.56000137,1.793200016,1.898699999,155,5859.964844,30.62849998,3.375527382,692.2000122
15228,708.8300171,1.715399981,4.690899849,2232,4962.736816,27.47521591,8.648542404,683.0999756
2768,141.3999939,0.448100001,2.792099953,540,5566.467773,34.15950012,1.589595318,691.5999756
1940,111.8199997,0.412400007,3.917500019,265,6180.148926,49.93899918,6.134020329,693.7000122
1059,65.12000275,0.849900007,1.416399956,272,6460.657227,55.32799911,2.266288996,695.9000244
2340,132.1999969,1.581200004,2.435899973,403,6415.35498,35.48099899,2.47863245,693.5999756
3469,172.3399963,0.0,0.1734,496,5230.876953,34.30099869,0.893629253,697.9000244
478,32.86999893,0.0,0.0,112,7711.506836,35.34199905,3.765690327,701.2999878
1885,98.41999817,0.0506,0.303299993,241,5592.765137,31.05200005,1.962864757,697.4000244
2422,139.4700012,0.0,0.123899996,466,5933.154297,40.26399994,0.578034639,699.0999756
1318,87.05999756,0.151700005,0.0,412,7593.405762,35.81000137,2.807283878,695.4000244
687,44.59000015,0.304899991,0.0,209,7217.263184,50.67699814,1.164483309,698.2999878
2341,124.0899963,0.170900002,0.59799999,286,5392.638672,40.40200043,2.050405741,698.9000244
984,59.72999954,0.101599999,3.556900024,195,7290.338867,28.71699905,5.995934963,700.9000244
3724,208.4799957,1.074100018,1.503800035,721,5741.462891,41.73410797,4.726100922,704.0
441,20.14999962,3.563499928,37.19380188,45,4402.831543,23.7329998,24.26303864,648.2999878
101,5.0,11.88119984,59.40589905,14,4776.336426,9.951999664,2.970297098,667.9000244
1778,93.40000153,6.923500061,47.57120132,313,5993.392578,12.50199986,5.005624294,660.5
